Source,Target
fishlinghu,PoloChau
OMGScience_Plow,PoloChau
yuvalpi,PoloChau
IgnacioRecasens,PoloChau
ValeBecker,PoloChau
willgao1994,PoloChau
javier_recasens,PoloChau
wavybatman,PoloChau
tianyu_nan,PoloChau
st_quyryo,PoloChau
sara_pearcy,fishlinghu
michael_cia6337,fishlinghu
MIBEBEALAN,fishlinghu
joechen802,fishlinghu
ylli_boris,fishlinghu
art19941122,fishlinghu
KarenJeanHood,OMGScience_Plow
speleogenomics,OMGScience_Plow
fiskeforbrains,OMGScience_Plow
AunatEridu,OMGScience_Plow
theFLOCKAVELI,OMGScience_Plow
JessVovers,OMGScience_Plow
DrHassanRashidi,OMGScience_Plow
simoncrook,OMGScience_Plow
jheslin14,OMGScience_Plow
VanessSchartner,OMGScience_Plow
KvngXan,yuvalpi
machinelearnbot,yuvalpi
chump9,yuvalpi
ExMaahal,yuvalpi
telavivtimes1,yuvalpi
AN0NBOOOTY,yuvalpi
barbaharfilm,yuvalpi
Memarisos,yuvalpi
kurtzyironman,yuvalpi
arikring,yuvalpi
AnnieGarzar,IgnacioRecasens
JusticiayRespe,IgnacioRecasens
kinesportjose,IgnacioRecasens
Banco_Falabella,IgnacioRecasens
Kanallas_FC,IgnacioRecasens
DonDatos,IgnacioRecasens
XmVenezuela,IgnacioRecasens
StoneCeci,IgnacioRecasens
AccountPremium5,IgnacioRecasens
SanBlasPMA,IgnacioRecasens
crissd2s,ValeBecker
perezsilvajose1,ValeBecker
sebastiandres83,ValeBecker
Preitich,ValeBecker
Costa5Ricardo,ValeBecker
LETICIACNN,ValeBecker
HamiltonBreina,ValeBecker
ponchito86,ValeBecker
dalia1737,ValeBecker
josepth16,ValeBecker
BChastainAuthor,willgao1994
JoeAntouri,willgao1994
ViralFitness,willgao1994
DCFitVA,willgao1994
bodybuilding457,willgao1994
minh_bui2nd,willgao1994
AnavarResultsEd,willgao1994
GeorgiaTech_ECE,willgao1994
gtcomputing,willgao1994
Men_Fitness_,willgao1994
MishManners,javier_recasens
enamorarse_cl,javier_recasens
redmaestro_com,javier_recasens
entel_ayuda,javier_recasens
SQLBits,javier_recasens
AiepRally,javier_recasens
SantibaezSujey,javier_recasens
DataPowerHour,javier_recasens
huertoscolibri,javier_recasens
dpizarro77,javier_recasens
usarossello505,st_quyryo
Eutrapelicg18,st_quyryo
tiduy,st_quyryo
BedRoomGNG11106,st_quyryo
stephanie_steg,st_quyryo
